{
    "UserAgent": "aws-amplify/cli",
    "Version": "0.1.0",
    "IdentityManager": {
        "Default": {}
    },
    "CredentialsProvider": {
        "CognitoIdentity": {
            "Default": {
                "PoolId": "us-east-1:56aeb2c7-3247-4454-9557-8e26503b93a6",
                "Region": "us-east-1"
            }
        }
    },
    "CognitoUserPool": {
        "Default": {
            "PoolId": "us-east-1_r68pr73yI",
            "AppClientId": "fmv5r3nooavv21neg0694blol",
            "Region": "us-east-1"
        }
    },
    "Auth": {
        "Default": {
            "authenticationFlowType": "USER_SRP_AUTH",
            "socialProviders": [],
            "usernameAttributes": [],
            "signupAttributes": [
                "EMAIL"
            ],
            "passwordProtectionSettings": {
                "passwordPolicyMinLength": 8,
                "passwordPolicyCharacters": []
            },
            "mfaConfiguration": "OFF",
            "mfaTypes": [
                "SMS"
            ],
            "verificationMechanisms": [
                "EMAIL"
            ]
        }
    },
    "S3TransferUtility": {
        "Default": {
            "Bucket": "goodneighborsmainbucketf8faa-dev",
            "Region": "us-east-1"
        }
    }
}